id;id_ubigeo;id_departamento;id_provincia;id_distrito;desc_ubigeo;estado
1;000000;0;0;0; SIN DEFINIR;1
2;000100;0;1;0; SIN DEFINIR;1
3;000101;0;1;1; SIN DEFINIR;1
4;010000;1;0;0;AMAZONAS;1
5;010100;1;1;0;CHACHAPOYAS;1
6;010101;1;1;1;CHACHAPOYAS;1
7;010102;1;1;2;ASUNCION;1
8;010103;1;1;3;BALSAS;1
9;010104;1;1;4;CHETO;1
10;010105;1;1;5;CHILIQUIN;1
11;010106;1;1;6;CHUQUIBAMBA;1
12;010107;1;1;7;GRANADA;1
13;010108;1;1;8;HUANCAS;1
14;010109;1;1;9;LA JALCA;1
15;010110;1;1;10;LEIMEBAMBA;1
16;010111;1;1;11;LEVANTO;1
17;010112;1;1;12;MAGDALENA;1
18;010113;1;1;13;MARISCAL CASTILLA;1
19;010114;1;1;14;MOLINOPAMPA;1
20;010115;1;1;15;MONTEVIDEO;1
21;010116;1;1;16;OLLEROS;1
22;010117;1;1;17;QUINJALCA;1
23;010118;1;1;18;SAN FRANCISCO DE DAGUAS;1
24;010119;1;1;19;SAN ISIDRO DE MAINO;1
25;010120;1;1;20;SOLOCO;1
26;010121;1;1;21;SONCHE;1
27;010200;1;2;0;BAGUA;1
28;010201;1;2;1;BAGUA;1
29;010202;1;2;2;ARAMANGO;1
30;010203;1;2;3;COPALLIN;1
31;010204;1;2;4;EL PARCO;1
32;010205;1;2;5;IMAZA;1
33;010206;1;2;6;LA PECA;1
34;010300;1;3;0;BONGARA;1
35;010301;1;3;1;JUMBILLA;1
36;010302;1;3;2;CHISQUILLA;1
37;010303;1;3;3;CHURUJA;1
38;010304;1;3;4;COROSHA;1
39;010305;1;3;5;CUISPES;1
40;010306;1;3;6;FLORIDA;1
41;010307;1;3;7;JAZAN;1
42;010308;1;3;8;RECTA;1
43;010309;1;3;9;SAN CARLOS;1
44;010310;1;3;10;SHIPASBAMBA;1
45;010311;1;3;11;VALERA;1
46;010312;1;3;12;YAMBRASBAMBA;1
47;010400;1;4;0;CONDORCANQUI;1
48;010401;1;4;1;NIEVA;1
49;010402;1;4;2;EL CENEPA;1
50;010403;1;4;3;RIO SANTIAGO;1
51;010500;1;5;0;LUYA;1
52;010501;1;5;1;LAMUD;1
53;010502;1;5;2;CAMPORREDONDO;1
54;010503;1;5;3;COCABAMBA;1
55;010504;1;5;4;COLCAMAR;1
56;010505;1;5;5;CONILA;1
57;010506;1;5;6;INGUILPATA;1
58;010507;1;5;7;LONGUITA;1
59;010508;1;5;8;LONYA CHICO;1
60;010509;1;5;9;LUYA;1
61;010510;1;5;10;LUYA VIEJO;1
62;010511;1;5;11;MARIA;1
63;010512;1;5;12;OCALLI;1
64;010513;1;5;13;OCUMAL;1
65;010514;1;5;14;PISUQUIA;1
66;010515;1;5;15;PROVIDENCIA;1
67;010516;1;5;16;SAN CRISTOBAL;1
68;010517;1;5;17;SAN FRANCISCO DEL YESO;1
69;010518;1;5;18;SAN JERONIMO;1
70;010519;1;5;19;SAN JUAN DE LOPECANCHA;1
71;010520;1;5;20;SANTA CATALINA;1
72;010521;1;5;21;SANTO TOMAS;1
73;010522;1;5;22;TINGO;1
74;010523;1;5;23;TRITA;1
75;010600;1;6;0;RODRIGUEZ DE MENDOZA;1
76;010601;1;6;1;SAN NICOLAS;1
77;010602;1;6;2;CHIRIMOTO;1
78;010603;1;6;3;COCHAMAL;1
79;010604;1;6;4;HUAMBO;1
80;010605;1;6;5;LIMABAMBA;1
81;010606;1;6;6;LONGAR;1
82;010607;1;6;7;MARISCAL BENAVIDES;1
83;010608;1;6;8;MILPUC;1
84;010609;1;6;9;OMIA;1
85;010610;1;6;10;SANTA ROSA;1
86;010611;1;6;11;TOTORA;1
87;010612;1;6;12;VISTA ALEGRE;1
88;010700;1;7;0;UTCUBAMBA;1
89;010701;1;7;1;BAGUA GRANDE;1
90;010702;1;7;2;CAJARURO;1
91;010703;1;7;3;CUMBA;1
92;010704;1;7;4;EL MILAGRO;1
93;010705;1;7;5;JAMALCA;1
94;010706;1;7;6;LONYA GRANDE;1
95;010707;1;7;7;YAMON;1
96;020000;2;0;0;ANCASH;1
97;020100;2;1;0;HUARAZ;1
98;020101;2;1;1;HUARAZ;1
99;020102;2;1;2;COCHABAMBA;1
100;020103;2;1;3;COLCABAMBA;1
101;020104;2;1;4;HUANCHAY;1
102;020105;2;1;5;INDEPENDENCIA;1
103;020106;2;1;6;JANGAS;1
104;020107;2;1;7;LA LIBERTAD;1
105;020108;2;1;8;OLLEROS;1
106;020109;2;1;9;PAMPAS;1
107;020110;2;1;10;PARIACOTO;1
108;020111;2;1;11;PIRA;1
109;020112;2;1;12;TARICA;1
110;020200;2;2;0;AIJA;1
111;020201;2;2;1;AIJA;1
112;020202;2;2;2;CORIS;1
113;020203;2;2;3;HUACLLAN;1
114;020204;2;2;4;LA MERCED;1
115;020205;2;2;5;SUCCHA;1
116;020300;2;3;0;ANTONIO RAYMONDI;1
117;020301;2;3;1;LLAMELLIN;1
118;020302;2;3;2;ACZO;1
119;020303;2;3;3;CHACCHO;1
120;020304;2;3;4;CHINGAS;1
121;020305;2;3;5;MIRGAS;1
122;020306;2;3;6;SAN JUAN DE RONTOY;1
123;020400;2;4;0;ASUNCION;1
124;020401;2;4;1;CHACAS;1
125;020402;2;4;2;ACOCHACA;1
126;020500;2;5;0;BOLOGNESI;1
127;020501;2;5;1;CHIQUIAN;1
128;020502;2;5;2;ABELARDO PARDO LEZAMETA;1
129;020503;2;5;3;ANTONIO RAYMONDI;1
130;020504;2;5;4;AQUIA;1
131;020505;2;5;5;CAJACAY;1
132;020506;2;5;6;CANIS;1
133;020507;2;5;7;COLQUIOC;1
134;020508;2;5;8;HUALLANCA;1
135;020509;2;5;9;HUASTA;1
136;020510;2;5;10;HUAYLLACAYAN;1
137;020511;2;5;11;LA PRIMAVERA;1
138;020512;2;5;12;MANGAS;1
139;020513;2;5;13;PACLLON;1
140;020514;2;5;14;SAN MIGUEL DE CORPANQUI;1
141;020515;2;5;15;TICLLOS;1
142;020600;2;6;0;CARHUAZ;1
143;020601;2;6;1;CARHUAZ;1
144;020602;2;6;2;ACOPAMPA;1
145;020603;2;6;3;AMASHCA;1
146;020604;2;6;4;ANTA;1
147;020605;2;6;5;ATAQUERO;1
148;020606;2;6;6;MARCARA;1
149;020607;2;6;7;PARIAHUANCA;1
150;020608;2;6;8;SAN MIGUEL DE ACO;1
151;020609;2;6;9;SHILLA;1
152;020610;2;6;10;TINCO;1
153;020611;2;6;11;YUNGAR;1
154;020700;2;7;0;CARLOS FERMIN FITZCARRALD;1
155;020701;2;7;1;SAN LUIS;1
156;020702;2;7;2;SAN NICOLAS;1
157;020703;2;7;3;YAUYA;1
158;020800;2;8;0;CASMA;1
159;020801;2;8;1;CASMA;1
160;020802;2;8;2;BUENA VISTA ALTA;1
161;020803;2;8;3;COMANDANTE NOEL;1
162;020804;2;8;4;YAUTAN;1
163;020900;2;9;0;CORONGO;1
164;020901;2;9;1;CORONGO;1
165;020902;2;9;2;ACO;1
166;020903;2;9;3;BAMBAS;1
167;020904;2;9;4;CUSCA;1
168;020905;2;9;5;LA PAMPA;1
169;020906;2;9;6;YANAC;1
170;020907;2;9;7;YUPAN;1
171;021000;2;10;0;HUARI;1
172;021001;2;10;1;HUARI;1
173;021002;2;10;2;ANRA;1
174;021003;2;10;3;CAJAY;1
175;021004;2;10;4;CHAVIN DE HUANTAR;1
176;021005;2;10;5;HUACACHI;1
177;021006;2;10;6;HUACCHIS;1
178;021007;2;10;7;HUACHIS;1
179;021008;2;10;8;HUANTAR;1
180;021009;2;10;9;MASIN;1
181;021010;2;10;10;PAUCAS;1
182;021011;2;10;11;PONTO;1
183;021012;2;10;12;RAHUAPAMPA;1
184;021013;2;10;13;RAPAYAN;1
185;021014;2;10;14;SAN MARCOS;1
186;021015;2;10;15;SAN PEDRO DE CHANA;1
187;021016;2;10;16;UCO;1
188;021100;2;11;0;HUARMEY;1
189;021101;2;11;1;HUARMEY;1
190;021102;2;11;2;COCHAPETI;1
191;021103;2;11;3;CULEBRAS;1
192;021104;2;11;4;HUAYAN;1
193;021105;2;11;5;MALVAS;1
194;021200;2;12;0;HUAYLAS;1
195;021201;2;12;1;CARAZ;1
196;021202;2;12;2;HUALLANCA;1
197;021203;2;12;3;HUATA;1
198;021204;2;12;4;HUAYLAS;1
199;021205;2;12;5;MATO;1
200;021206;2;12;6;PAMPAROMAS;1
201;021207;2;12;7;PUEBLO LIBRE;1
202;021208;2;12;8;SANTA CRUZ;1
203;021209;2;12;9;SANTO TORIBIO;1
204;021210;2;12;10;YURACMARCA;1
205;021300;2;13;0;MARISCAL LUZURIAGA;1
206;021301;2;13;1;PISCOBAMBA;1
207;021302;2;13;2;CASCA;1
208;021303;2;13;3;ELEAZAR GUZMAN BARRON;1
209;021304;2;13;4;FIDEL OLIVAS ESCUDERO;1
210;021305;2;13;5;LLAMA;1
211;021306;2;13;6;LLUMPA;1
212;021307;2;13;7;LUCMA;1
213;021308;2;13;8;MUSGA;1
214;021400;2;14;0;OCROS;1
215;021401;2;14;1;OCROS;1
216;021402;2;14;2;ACAS;1
217;021403;2;14;3;CAJAMARQUILLA;1
218;021404;2;14;4;CARHUAPAMPA;1
219;021405;2;14;5;COCHAS;1
220;021406;2;14;6;CONGAS;1
221;021407;2;14;7;LLIPA;1
222;021408;2;14;8;SAN CRISTOBAL DE RAJAN;1
223;021409;2;14;9;SAN PEDRO;1
224;021410;2;14;10;SANTIAGO DE CHILCAS;1
225;021500;2;15;0;PALLASCA;1
226;021501;2;15;1;CABANA;1
227;021502;2;15;2;BOLOGNESI;1
228;021503;2;15;3;CONCHUCOS;1
229;021504;2;15;4;HUACASCHUQUE;1
230;021505;2;15;5;HUANDOVAL;1
231;021506;2;15;6;LACABAMBA;1
232;021507;2;15;7;LLAPO;1
233;021508;2;15;8;PALLASCA;1
234;021509;2;15;9;PAMPAS;1
235;021510;2;15;10;SANTA ROSA;1
236;021511;2;15;11;TAUCA;1
237;021600;2;16;0;POMABAMBA;1
238;021601;2;16;1;POMABAMBA;1
239;021602;2;16;2;HUAYLLAN;1
240;021603;2;16;3;PAROBAMBA;1
241;021604;2;16;4;QUINUABAMBA;1
242;021700;2;17;0;RECUAY;1
243;021701;2;17;1;RECUAY;1
244;021702;2;17;2;CATAC;1
245;021703;2;17;3;COTAPARACO;1
246;021704;2;17;4;HUAYLLAPAMPA;1
247;021705;2;17;5;LLACLLIN;1
248;021706;2;17;6;MARCA;1
249;021707;2;17;7;PAMPAS CHICO;1
250;021708;2;17;8;PARARIN;1
251;021709;2;17;9;TAPACOCHA;1
252;021710;2;17;10;TICAPAMPA;1
253;021800;2;18;0;SANTA;1
254;021801;2;18;1;CHIMBOTE;1
255;021802;2;18;2;CACERES DEL PERU;1
256;021803;2;18;3;COISHCO;1
257;021804;2;18;4;MACATE;1
258;021805;2;18;5;MORO;1
259;021806;2;18;6;NEPE A;1
260;021807;2;18;7;SAMANCO;1
261;021808;2;18;8;SANTA;1
262;021809;2;18;9;NUEVO CHIMBOTE;1
263;021900;2;19;0;SIHUAS;1
264;021901;2;19;1;SIHUAS;1
265;021902;2;19;2;ACOBAMBA;1
266;021903;2;19;3;ALFONSO UGARTE;1
267;021904;2;19;4;CASHAPAMPA;1
268;021905;2;19;5;CHINGALPO;1
269;021906;2;19;6;HUAYLLABAMBA;1
270;021907;2;19;7;QUICHES;1
271;021908;2;19;8;RAGASH;1
272;021909;2;19;9;SAN JUAN;1
273;021910;2;19;10;SICSIBAMBA;1
274;022000;2;20;0;YUNGAY;1
275;022001;2;20;1;YUNGAY;1
276;022002;2;20;2;CASCAPARA;1
277;022003;2;20;3;MANCOS;1
278;022004;2;20;4;MATACOTO;1
279;022005;2;20;5;QUILLO;1
280;022006;2;20;6;RANRAHIRCA;1
281;022007;2;20;7;SHUPLUY;1
282;022008;2;20;8;YANAMA;1
283;030000;3;0;0;APURIMAC;1
284;030100;3;1;0;ABANCAY;1
285;030101;3;1;1;ABANCAY;1
286;030102;3;1;2;CHACOCHE;1
287;030103;3;1;3;CIRCA;1
288;030104;3;1;4;CURAHUASI;1
289;030105;3;1;5;HUANIPACA;1
290;030106;3;1;6;LAMBRAMA;1
291;030107;3;1;7;PICHIRHUA;1
292;030108;3;1;8;SAN PEDRO DE CACHORA;1
293;030109;3;1;9;TAMBURCO;1
294;030200;3;2;0;ANDAHUAYLAS;1
295;030201;3;2;1;ANDAHUAYLAS;1
296;030202;3;2;2;ANDARAPA;1
297;030203;3;2;3;CHIARA;1
298;030204;3;2;4;HUANCARAMA;1
299;030205;3;2;5;HUANCARAY;1
300;030206;3;2;6;HUAYANA;1
301;030207;3;2;7;KISHUARA;1
302;030208;3;2;8;PACOBAMBA;1
303;030209;3;2;9;PACUCHA;1
304;030210;3;2;10;PAMPACHIRI;1
305;030211;3;2;11;POMACOCHA;1
306;030212;3;2;12;SAN ANTONIO DE CACHI;1
307;030213;3;2;13;SAN JERONIMO;1
308;030214;3;2;14;SAN MIGUEL DE CHACCRAMPA;1
309;030215;3;2;15;SANTA MARIA DE CHICMO;1
310;030216;3;2;16;TALAVERA;1
311;030217;3;2;17;TUMAY HUARACA;1
312;030218;3;2;18;TURPO;1
313;030219;3;2;19;KAQUIABAMBA;1
314;030300;3;3;0;ANTABAMBA;1
315;030301;3;3;1;ANTABAMBA;1
316;030302;3;3;2;EL ORO;1
317;030303;3;3;3;HUAQUIRCA;1
318;030304;3;3;4;JUAN ESPINOZA MEDRANO;1
319;030305;3;3;5;OROPESA;1
320;030306;3;3;6;PACHACONAS;1
321;030307;3;3;7;SABAINO;1
322;030400;3;4;0;AYMARAES;1
323;030401;3;4;1;CHALHUANCA;1
324;030402;3;4;2;CAPAYA;1
325;030403;3;4;3;CARAYBAMBA;1
326;030404;3;4;4;CHAPIMARCA;1
327;030405;3;4;5;COLCABAMBA;1
328;030406;3;4;6;COTARUSE;1
329;030407;3;4;7;HUAYLLO;1
330;030408;3;4;8;JUSTO APU SAHUARAURA;1
331;030409;3;4;9;LUCRE;1
332;030410;3;4;10;POCOHUANCA;1
333;030411;3;4;11;SAN JUAN DE CHAC A;1
334;030412;3;4;12;SA AYCA;1
335;030413;3;4;13;SORAYA;1
336;030414;3;4;14;TAPAIRIHUA;1
337;030415;3;4;15;TINTAY;1
338;030416;3;4;16;TORAYA;1
339;030417;3;4;17;YANACA;1
340;030500;3;5;0;COTABAMBAS;1
341;030501;3;5;1;TAMBOBAMBA;1
342;030502;3;5;2;COTABAMBAS;1
343;030503;3;5;3;COYLLURQUI;1
344;030504;3;5;4;HAQUIRA;1
345;030505;3;5;5;MARA;1
346;030506;3;5;6;CHALLHUAHUACHO;1
347;030600;3;6;0;CHINCHEROS;1
348;030601;3;6;1;CHINCHEROS;1
349;030602;3;6;2;ANCO_HUALLO;1
350;030603;3;6;3;COCHARCAS;1
351;030604;3;6;4;HUACCANA;1
352;030605;3;6;5;OCOBAMBA;1
353;030606;3;6;6;ONGOY;1
354;030607;3;6;7;URANMARCA;1
355;030608;3;6;8;RANRACANCHA;1
356;030700;3;7;0;GRAU;1
357;030701;3;7;1;CHUQUIBAMBILLA;1
358;030702;3;7;2;CURPAHUASI;1
359;030703;3;7;3;GAMARRA;1
360;030704;3;7;4;HUAYLLATI;1
361;030705;3;7;5;MAMARA;1
362;030706;3;7;6;MICAELA BASTIDAS;1
363;030707;3;7;7;PATAYPAMPA;1
364;030708;3;7;8;PROGRESO;1
365;030709;3;7;9;SAN ANTONIO;1
366;030710;3;7;10;SANTA ROSA;1
367;030711;3;7;11;TURPAY;1
368;030712;3;7;12;VILCABAMBA;1
369;030713;3;7;13;VIRUNDO;1
370;030714;3;7;14;CURASCO;1
371;040000;4;0;0;AREQUIPA;1
372;040100;4;1;0;AREQUIPA;1
373;040101;4;1;1;AREQUIPA;1
374;040102;4;1;2;ALTO SELVA ALEGRE;1
375;040103;4;1;3;CAYMA;1
376;040104;4;1;4;CERRO COLORADO;1
377;040105;4;1;5;CHARACATO;1
378;040106;4;1;6;CHIGUATA;1
379;040107;4;1;7;JACOBO HUNTER;1
380;040108;4;1;8;LA JOYA;1
381;040109;4;1;9;MARIANO MELGAR;1
382;040110;4;1;10;MIRAFLORES;1
383;040111;4;1;11;MOLLEBAYA;1
384;040112;4;1;12;PAUCARPATA;1
385;040113;4;1;13;POCSI;1
386;040114;4;1;14;POLOBAYA;1
387;040115;4;1;15;QUEQUE A;1
388;040116;4;1;16;SABANDIA;1
389;040117;4;1;17;SACHACA;1
390;040118;4;1;18;SAN JUAN DE SIGUAS;1
391;040119;4;1;19;SAN JUAN DE TARUCANI;1
392;040120;4;1;20;SANTA ISABEL DE SIGUAS;1
393;040121;4;1;21;SANTA RITA DE SIGUAS;1
394;040122;4;1;22;SOCABAYA;1
395;040123;4;1;23;TIABAYA;1
396;040124;4;1;24;UCHUMAYO;1
397;040125;4;1;25;VITOR;1
398;040126;4;1;26;YANAHUARA;1
399;040127;4;1;27;YARABAMBA;1
400;040128;4;1;28;YURA;1
401;040129;4;1;29;JOSE LUIS BUSTAMANTE Y RIVERO;1
402;040200;4;2;0;CAMANA;1
403;040201;4;2;1;CAMANA;1
404;040202;4;2;2;JOSE MARIA QUIMPER;1
405;040203;4;2;3;MARIANO NICOLAS VALCARCEL;1
406;040204;4;2;4;MARISCAL CACERES;1
407;040205;4;2;5;NICOLAS DE PIEROLA;1
408;040206;4;2;6;OCO A;1
409;040207;4;2;7;QUILCA;1
410;040208;4;2;8;SAMUEL PASTOR;1
411;040300;4;3;0;CARAVELI;1
412;040301;4;3;1;CARAVELI;1
413;040302;4;3;2;ACARI;1
414;040303;4;3;3;ATICO;1
415;040304;4;3;4;ATIQUIPA;1
416;040305;4;3;5;BELLA UNION;1
417;040306;4;3;6;CAHUACHO;1
418;040307;4;3;7;CHALA;1
419;040308;4;3;8;CHAPARRA;1
420;040309;4;3;9;HUANUHUANU;1
421;040310;4;3;10;JAQUI;1
422;040311;4;3;11;LOMAS;1
423;040312;4;3;12;QUICACHA;1
424;040313;4;3;13;YAUCA;1
425;040400;4;4;0;CASTILLA;1
426;040401;4;4;1;APLAO;1
427;040402;4;4;2;ANDAGUA;1
428;040403;4;4;3;AYO;1
429;040404;4;4;4;CHACHAS;1
430;040405;4;4;5;CHILCAYMARCA;1
431;040406;4;4;6;CHOCO;1
432;040407;4;4;7;HUANCARQUI;1
433;040408;4;4;8;MACHAGUAY;1
434;040409;4;4;9;ORCOPAMPA;1
435;040410;4;4;10;PAMPACOLCA;1
436;040411;4;4;11;TIPAN;1
437;040412;4;4;12;U ON;1
438;040413;4;4;13;URACA;1
439;040414;4;4;14;VIRACO;1
440;040500;4;5;0;CAYLLOMA;1
441;040501;4;5;1;CHIVAY;1
442;040502;4;5;2;ACHOMA;1
443;040503;4;5;3;CABANACONDE;1
444;040504;4;5;4;CALLALLI;1
445;040505;4;5;5;CAYLLOMA;1
446;040506;4;5;6;COPORAQUE;1
447;040507;4;5;7;HUAMBO;1
448;040508;4;5;8;HUANCA;1
449;040509;4;5;9;ICHUPAMPA;1
450;040510;4;5;10;LARI;1
451;040511;4;5;11;LLUTA;1
452;040512;4;5;12;MACA;1
453;040513;4;5;13;MADRIGAL;1
454;040514;4;5;14;SAN ANTONIO DE CHUCA;1
455;040515;4;5;15;SIBAYO;1
456;040516;4;5;16;TAPAY;1
457;040517;4;5;17;TISCO;1
458;040518;4;5;18;TUTI;1
459;040519;4;5;19;YANQUE;1
460;040520;4;5;20;MAJES;1
461;040600;4;6;0;CONDESUYOS;1
462;040601;4;6;1;CHUQUIBAMBA;1
463;040602;4;6;2;ANDARAY;1
464;040603;4;6;3;CAYARANI;1
465;040604;4;6;4;CHICHAS;1
466;040605;4;6;5;IRAY;1
467;040606;4;6;6;RIO GRANDE;1
468;040607;4;6;7;SALAMANCA;1
469;040608;4;6;8;YANAQUIHUA;1
470;040700;4;7;0;ISLAY;1
471;040701;4;7;1;MOLLENDO;1
472;040702;4;7;2;COCACHACRA;1
473;040703;4;7;3;DEAN VALDIVIA;1
474;040704;4;7;4;ISLAY;1
475;040705;4;7;5;MEJIA;1
476;040706;4;7;6;PUNTA DE BOMBON;1
477;040800;4;8;0;LA UNION;1
478;040801;4;8;1;COTAHUASI;1
479;040802;4;8;2;ALCA;1
480;040803;4;8;3;CHARCANA;1
481;040804;4;8;4;HUAYNACOTAS;1
482;040805;4;8;5;PAMPAMARCA;1
483;040806;4;8;6;PUYCA;1
484;040807;4;8;7;QUECHUALLA;1
485;040808;4;8;8;SAYLA;1
486;040809;4;8;9;TAURIA;1
487;040810;4;8;10;TOMEPAMPA;1
488;040811;4;8;11;TORO;1
489;050000;5;0;0;AYACUCHO;1
490;050100;5;1;0;HUAMANGA;1
491;050101;5;1;1;AYACUCHO;1
492;050102;5;1;2;ANDRES AVELINO CACERES;1
493;050103;5;1;3;ACOS VINCHOS;1
494;050104;5;1;4;CARMEN ALTO;1
495;050105;5;1;5;CHIARA;1
496;050106;5;1;6;OCROS;1
497;050107;5;1;7;PACAYCASA;1
498;050108;5;1;8;QUINUA;1
499;050109;5;1;9;SAN JOSE DE TICLLAS;1
500;050110;5;1;10;SAN JUAN BAUTISTA;1
501;050111;5;1;11;SANTIAGO DE PISCHA;1
502;050112;5;1;12;SOCOS;1
503;050113;5;1;13;TAMBILLO;1
504;050114;5;1;14;VINCHOS;1
505;050115;5;1;15;JESUS NAZARENO;1
506;050200;5;2;0;CANGALLO;1
507;050201;5;2;1;CANGALLO;1
508;050202;5;2;2;CHUSCHI;1
509;050203;5;2;3;LOS MOROCHUCOS;1
510;050204;5;2;4;MARIA PARADO DE BELLIDO;1
511;050205;5;2;5;PARAS;1
512;050206;5;2;6;TOTOS;1
513;050300;5;3;0;HUANCA SANCOS;1
514;050301;5;3;1;SANCOS;1
515;050302;5;3;2;CARAPO;1
516;050303;5;3;3;SACSAMARCA;1
517;050304;5;3;4;SANTIAGO DE LUCANAMARCA;1
518;050400;5;4;0;HUANTA;1
519;050401;5;4;1;HUANTA;1
520;050402;5;4;2;AYAHUANCO;1
521;050403;5;4;3;HUAMANGUILLA;1
522;050404;5;4;4;IGUAIN;1
523;050405;5;4;5;LURICOCHA;1
524;050406;5;4;6;SANTILLANA;1
525;050407;5;4;7;SIVIA;1
526;050408;5;4;8;LLOCHEGUA;1
527;050500;5;5;0;LA MAR;1
528;050501;5;5;1;SAN MIGUEL;1
529;050502;5;5;2;ANCO;1
530;050503;5;5;3;AYNA;1
531;050504;5;5;4;CHILCAS;1
532;050505;5;5;5;CHUNGUI;1
533;050506;5;5;6;LUIS CARRANZA;1
534;050507;5;5;7;SANTA ROSA;1
535;050508;5;5;8;TAMBO;1
536;050600;5;6;0;LUCANAS;1
537;050601;5;6;1;PUQUIO;1
538;050602;5;6;2;AUCARA;1
539;050603;5;6;3;CABANA;1
540;050604;5;6;4;CARMEN SALCEDO;1
541;050605;5;6;5;CHAVI A;1
542;050606;5;6;6;CHIPAO;1
543;050607;5;6;7;HUAC-HUAS;1
544;050608;5;6;8;LARAMATE;1
545;050609;5;6;9;LEONCIO PRADO;1
546;050610;5;6;10;LLAUTA;1
547;050611;5;6;11;LUCANAS;1
548;050612;5;6;12;OCA A;1
549;050613;5;6;13;OTOCA;1
550;050614;5;6;14;SAISA;1
551;050615;5;6;15;SAN CRISTOBAL;1
552;050616;5;6;16;SAN JUAN;1
553;050617;5;6;17;SAN PEDRO;1
554;050618;5;6;18;SAN PEDRO DE PALCO;1
555;050619;5;6;19;SANCOS;1
556;050620;5;6;20;SANTA ANA DE HUAYCAHUACHO;1
557;050621;5;6;21;SANTA LUCIA;1
558;050700;5;7;0;PARINACOCHAS;1
559;050701;5;7;1;CORACORA;1
560;050702;5;7;2;CHUMPI;1
561;050703;5;7;3;CORONEL CASTA EDA;1
562;050704;5;7;4;PACAPAUSA;1
563;050705;5;7;5;PULLO;1
564;050706;5;7;6;PUYUSCA;1
565;050707;5;7;7;SAN FRANCISCO DE RAVACAYCO;1
566;050708;5;7;8;UPAHUACHO;1
567;050800;5;8;0;PAUCAR DEL SARA SARA;1
568;050801;5;8;1;PAUSA;1
569;050802;5;8;2;COLTA;1
570;050803;5;8;3;CORCULLA;1
571;050804;5;8;4;LAMPA;1
572;050805;5;8;5;MARCABAMBA;1
573;050806;5;8;6;OYOLO;1
574;050807;5;8;7;PARARCA;1
575;050808;5;8;8;SAN JAVIER DE ALPABAMBA;1
576;050809;5;8;9;SAN JOSE DE USHUA;1
577;050810;5;8;10;SARA SARA;1
578;050900;5;9;0;SUCRE;1
579;050901;5;9;1;QUEROBAMBA;1
580;050902;5;9;2;BELEN;1
581;050903;5;9;3;CHALCOS;1
582;050904;5;9;4;CHILCAYOC;1
583;050905;5;9;5;HUACA A;1
584;050906;5;9;6;MORCOLLA;1
585;050907;5;9;7;PAICO;1
586;050908;5;9;8;SAN PEDRO DE LARCAY;1
587;050909;5;9;9;SAN SALVADOR DE QUIJE;1
588;050910;5;9;10;SANTIAGO DE PAUCARAY;1
589;050911;5;9;11;SORAS;1
590;051000;5;10;0;VICTOR FAJARDO;1
591;051001;5;10;1;HUANCAPI;1
592;051002;5;10;2;ALCAMENCA;1
593;051003;5;10;3;APONGO;1
594;051004;5;10;4;ASQUIPATA;1
595;051005;5;10;5;CANARIA;1
596;051006;5;10;6;CAYARA;1
597;051007;5;10;7;COLCA;1
598;051008;5;10;8;HUAMANQUIQUIA;1
599;051009;5;10;9;HUANCARAYLLA;1
600;051010;5;10;10;HUAYA;1
601;051011;5;10;11;SARHUA;1
602;051012;5;10;12;VILCANCHOS;1
603;051100;5;11;0;VILCAS HUAMAN;1
604;051101;5;11;1;VILCAS HUAMAN;1
605;051102;5;11;2;ACCOMARCA;1
606;051103;5;11;3;CARHUANCA;1
607;051104;5;11;4;CONCEPCION;1
608;051105;5;11;5;HUAMBALPA;1
609;051106;5;11;6;INDEPENDENCIA;1
610;051107;5;11;7;SAURAMA;1
611;051108;5;11;8;VISCHONGO;1
612;060000;6;0;0;CAJAMARCA;1
613;060100;6;1;0;CAJAMARCA;1
614;060101;6;1;1;CAJAMARCA;1
615;060102;6;1;2;ASUNCION;1
616;060103;6;1;3;CHETILLA;1
617;060104;6;1;4;COSPAN;1
618;060105;6;1;5;ENCA ADA;1
619;060106;6;1;6;JESUS;1
620;060107;6;1;7;LLACANORA;1
621;060108;6;1;8;LOS BA OS DEL INCA;1
622;060109;6;1;9;MAGDALENA;1
623;060110;6;1;10;MATARA;1
624;060111;6;1;11;NAMORA;1
625;060112;6;1;12;SAN JUAN;1
626;060200;6;2;0;CAJABAMBA;1
627;060201;6;2;1;CAJABAMBA;1
628;060202;6;2;2;CACHACHI;1
629;060203;6;2;3;CONDEBAMBA;1
630;060204;6;2;4;SITACOCHA;1
631;060300;6;3;0;CELENDIN;1
632;060301;6;3;1;CELENDIN;1
633;060302;6;3;2;CHUMUCH;1
634;060303;6;3;3;CORTEGANA;1
635;060304;6;3;4;HUASMIN;1
636;060305;6;3;5;JORGE CHAVEZ;1
637;060306;6;3;6;JOSE GALVEZ;1
638;060307;6;3;7;MIGUEL IGLESIAS;1
639;060308;6;3;8;OXAMARCA;1
640;060309;6;3;9;SOROCHUCO;1
641;060310;6;3;10;SUCRE;1
642;060311;6;3;11;UTCO;1
643;060312;6;3;12;LA LIBERTAD DE PALLAN;1
644;060400;6;4;0;CHOTA;1
645;060401;6;4;1;CHOTA;1
646;060402;6;4;2;ANGUIA;1
647;060403;6;4;3;CHADIN;1
648;060404;6;4;4;CHIGUIRIP;1
649;060405;6;4;5;CHIMBAN;1
650;060406;6;4;6;CHOROPAMPA;1
651;060407;6;4;7;COCHABAMBA;1
652;060408;6;4;8;CONCHAN;1
653;060409;6;4;9;HUAMBOS;1
654;060410;6;4;10;LAJAS;1
655;060411;6;4;11;LLAMA;1
656;060412;6;4;12;MIRACOSTA;1
657;060413;6;4;13;PACCHA;1
658;060414;6;4;14;PION;1
659;060415;6;4;15;QUEROCOTO;1
660;060416;6;4;16;SAN JUAN DE LICUPIS;1
661;060417;6;4;17;TACABAMBA;1
662;060418;6;4;18;TOCMOCHE;1
663;060419;6;4;19;CHALAMARCA;1
664;060500;6;5;0;CONTUMAZA;1
665;060501;6;5;1;CONTUMAZA;1
666;060502;6;5;2;CHILETE;1
667;060503;6;5;3;CUPISNIQUE;1
668;060504;6;5;4;GUZMANGO;1
669;060505;6;5;5;SAN BENITO;1
670;060506;6;5;6;SANTA CRUZ DE TOLED;1
671;060507;6;5;7;TANTARICA;1
672;060508;6;5;8;YONAN;1
673;060600;6;6;0;CUTERVO;1
674;060601;6;6;1;CUTERVO;1
675;060602;6;6;2;CALLAYUC;1
676;060603;6;6;3;CHOROS;1
677;060604;6;6;4;CUJILLO;1
678;060605;6;6;5;LA RAMADA;1
679;060606;6;6;6;PIMPINGOS;1
680;060607;6;6;7;QUEROCOTILLO;1
681;060608;6;6;8;SAN ANDRES DE CUTERVO;1
682;060609;6;6;9;SAN JUAN DE CUTERVO;1
683;060610;6;6;10;SAN LUIS DE LUCMA;1
684;060611;6;6;11;SANTA CRUZ;1
685;060612;6;6;12;SANTO DOMINGO DE LA CAPILLA;1
686;060613;6;6;13;SANTO TOMAS;1
687;060614;6;6;14;SOCOTA;1
688;060615;6;6;15;TORIBIO CASANOVA;1
689;060700;6;7;0;HUALGAYOC;1
690;060701;6;7;1;BAMBAMARCA;1
691;060702;6;7;2;CHUGUR;1
692;060703;6;7;3;HUALGAYOC;1
693;060800;6;8;0;JAEN;1
694;060801;6;8;1;JAEN;1
695;060802;6;8;2;BELLAVISTA;1
696;060803;6;8;3;CHONTALI;1
697;060804;6;8;4;COLASAY;1
698;060805;6;8;5;HUABAL;1
699;060806;6;8;6;LAS PIRIAS;1
700;060807;6;8;7;POMAHUACA;1
701;060808;6;8;8;PUCARA;1
702;060809;6;8;9;SALLIQUE;1
703;060810;6;8;10;SAN FELIPE;1
704;060811;6;8;11;SAN JOSE DEL ALTO;1
705;060812;6;8;12;SANTA ROSA;1
706;060900;6;9;0;SAN IGNACIO;1
707;060901;6;9;1;SAN IGNACIO;1
708;060902;6;9;2;CHIRINOS;1
709;060903;6;9;3;HUARANGO;1
710;060904;6;9;4;LA COIPA;1
711;060905;6;9;5;NAMBALLE;1
712;060906;6;9;6;SAN JOSE DE LOURDES;1
713;060907;6;9;7;TABACONAS;1
714;061000;6;10;0;SAN MARCOS;1
715;061001;6;10;1;PEDRO GALVEZ;1
716;061002;6;10;2;CHANCAY;1
717;061003;6;10;3;EDUARDO VILLANUEVA;1
718;061004;6;10;4;GREGORIO PITA;1
719;061005;6;10;5;ICHOCAN;1
720;061006;6;10;6;JOSE MANUEL QUIROZ;1
721;061007;6;10;7;JOSE SABOGAL;1
722;061100;6;11;0;SAN MIGUEL;1
723;061101;6;11;1;SAN MIGUEL;1
724;061102;6;11;2;BOLIVAR;1
725;061103;6;11;3;CALQUIS;1
726;061104;6;11;4;CATILLUC;1
727;061105;6;11;5;EL PRADO;1
728;061106;6;11;6;LA FLORIDA;1
729;061107;6;11;7;LLAPA;1
730;061108;6;11;8;NANCHOC;1
731;061109;6;11;9;NIEPOS;1
732;061110;6;11;10;SAN GREGORIO;1
733;061111;6;11;11;SAN SILVESTRE DE COCHAN;1
734;061112;6;11;12;TONGOD;1
735;061113;6;11;13;UNION AGUA BLANCA;1
736;061200;6;12;0;SAN PABLO;1
737;061201;6;12;1;SAN PABLO;1
738;061202;6;12;2;SAN BERNARDINO;1
739;061203;6;12;3;SAN LUIS;1
740;061204;6;12;4;TUMBADEN;1
741;061300;6;13;0;SANTA CRUZ;1
742;061301;6;13;1;SANTA CRUZ;1
743;061302;6;13;2;ANDABAMBA;1
744;061303;6;13;3;CATACHE;1
745;061304;6;13;4;CHANCAYBA OS;1
746;061305;6;13;5;LA ESPERANZA;1
747;061306;6;13;6;NINABAMBA;1
748;061307;6;13;7;PULAN;1
749;061308;6;13;8;SAUCEPAMPA;1
750;061309;6;13;9;SEXI;1
751;061310;6;13;10;UTICYACU;1
752;061311;6;13;11;YAUYUCAN;1
753;070000;7;0;0;PROV. CONST. DEL CALLAO;1
754;070100;7;1;0;PROV. CONST. DEL CALLAO;1
755;070101;7;1;1;CALLAO;1
756;070102;7;1;2;BELLAVISTA;1
757;070103;7;1;3;CARMEN DE LA LEGUA REYNOSO;1
758;070104;7;1;4;LA PERLA;1
759;070105;7;1;5;LA PUNTA;1
760;070106;7;1;6;VENTANILLA;1
761;070107;7;1;7;MI PER ;1
762;080000;8;0;0;CUSCO;1
763;080100;8;1;0;CUSCO;1
764;080101;8;1;1;CUSCO;1
765;080102;8;1;2;CCORCA;1
766;080103;8;1;3;POROY;1
767;080104;8;1;4;SAN JERONIMO;1
768;080105;8;1;5;SAN SEBASTIAN;1
769;080106;8;1;6;SANTIAGO;1
770;080107;8;1;7;SAYLLA;1
771;080108;8;1;8;WANCHAQ;1
772;080200;8;2;0;ACOMAYO;1
773;080201;8;2;1;ACOMAYO;1
774;080202;8;2;2;ACOPIA;1
775;080203;8;2;3;ACOS;1
776;080204;8;2;4;MOSOC LLACTA;1
777;080205;8;2;5;POMACANCHI;1
778;080206;8;2;6;RONDOCAN;1
779;080207;8;2;7;SANGARARA;1
780;080300;8;3;0;ANTA;1
781;080301;8;3;1;ANTA;1
782;080302;8;3;2;ANCAHUASI;1
783;080303;8;3;3;CACHIMAYO;1
784;080304;8;3;4;CHINCHAYPUJIO;1
785;080305;8;3;5;HUAROCONDO;1
786;080306;8;3;6;LIMATAMBO;1
787;080307;8;3;7;MOLLEPATA;1
788;080308;8;3;8;PUCYURA;1
789;080309;8;3;9;ZURITE;1
790;080400;8;4;0;CALCA;1
791;080401;8;4;1;CALCA;1
792;080402;8;4;2;COYA;1
793;080403;8;4;3;LAMAY;1
794;080404;8;4;4;LARES;1
795;080405;8;4;5;PISAC;1
796;080406;8;4;6;SAN SALVADOR;1
797;080407;8;4;7;TARAY;1
798;080408;8;4;8;YANATILE;1
799;080500;8;5;0;CANAS;1
800;080501;8;5;1;YANAOCA;1
801;080502;8;5;2;CHECCA;1
802;080503;8;5;3;KUNTURKANKI;1
803;080504;8;5;4;LANGUI;1
804;080505;8;5;5;LAYO;1
805;080506;8;5;6;PAMPAMARCA;1
806;080507;8;5;7;QUEHUE;1
807;080508;8;5;8;TUPAC AMARU;1
808;080600;8;6;0;CANCHIS;1
809;080601;8;6;1;SICUANI;1
810;080602;8;6;2;CHECACUPE;1
811;080603;8;6;3;COMBAPATA;1
812;080604;8;6;4;MARANGANI;1
813;080605;8;6;5;PITUMARCA;1
814;080606;8;6;6;SAN PABLO;1
815;080607;8;6;7;SAN PEDRO;1
816;080608;8;6;8;TINTA;1
817;080700;8;7;0;CHUMBIVILCAS;1
818;080701;8;7;1;SANTO TOMAS;1
819;080702;8;7;2;CAPACMARCA;1
820;080703;8;7;3;CHAMACA;1
821;080704;8;7;4;COLQUEMARCA;1
822;080705;8;7;5;LIVITACA;1
823;080706;8;7;6;LLUSCO;1
824;080707;8;7;7;QUI OTA;1
825;080708;8;7;8;VELILLE;1
826;080800;8;8;0;ESPINAR;1
827;080801;8;8;1;ESPINAR;1
828;080802;8;8;2;CONDOROMA;1
829;080803;8;8;3;COPORAQUE;1
830;080804;8;8;4;OCORURO;1
831;080805;8;8;5;PALLPATA;1
832;080806;8;8;6;PICHIGUA;1
833;080807;8;8;7;SUYCKUTAMBO;1
834;080808;8;8;8;ALTO PICHIGUA;1
835;080900;8;9;0;LA CONVENCION;1
836;080901;8;9;1;SANTA ANA;1
837;080902;8;9;2;ECHARATE;1
838;080903;8;9;3;HUAYOPATA;1
839;080904;8;9;4;MARANURA;1
840;080905;8;9;5;OCOBAMBA;1
841;080906;8;9;6;QUELLOUNO;1
842;080907;8;9;7;KIMBIRI;1
843;080908;8;9;8;SANTA TERESA;1
844;080909;8;9;9;VILCABAMBA;1
845;080910;8;9;10;PICHARI;1
846;081000;8;10;0;PARURO;1
847;081001;8;10;1;PARURO;1
848;081002;8;10;2;ACCHA;1
849;081003;8;10;3;CCAPI;1
850;081004;8;10;4;COLCHA;1
851;081005;8;10;5;HUANOQUITE;1
852;081006;8;10;6;OMACHA;1
853;081007;8;10;7;PACCARITAMBO;1
854;081008;8;10;8;PILLPINTO;1
855;081009;8;10;9;YAURISQUE;1
856;081100;8;11;0;PAUCARTAMBO;1
857;081101;8;11;1;PAUCARTAMBO;1
858;081102;8;11;2;CAICAY;1
859;081103;8;11;3;CHALLABAMBA;1
860;081104;8;11;4;COLQUEPATA;1
861;081105;8;11;5;HUANCARANI;1
862;081106;8;11;6;KOS IPATA;1
863;081200;8;12;0;QUISPICANCHI;1
864;081201;8;12;1;URCOS;1
865;081202;8;12;2;ANDAHUAYLILLAS;1
866;081203;8;12;3;CAMANTI;1
867;081204;8;12;4;CCARHUAYO;1
868;081205;8;12;5;CCATCA;1
869;081206;8;12;6;CUSIPATA;1
870;081207;8;12;7;HUARO;1
871;081208;8;12;8;LUCRE;1
872;081209;8;12;9;MARCAPATA;1
873;081210;8;12;10;OCONGATE;1
874;081211;8;12;11;OROPESA;1
875;081212;8;12;12;QUIQUIJANA;1
876;081300;8;13;0;URUBAMBA;1
877;081301;8;13;1;URUBAMBA;1
878;081302;8;13;2;CHINCHERO;1
879;081303;8;13;3;HUAYLLABAMBA;1
880;081304;8;13;4;MACHUPICCHU;1
881;081305;8;13;5;MARAS;1
882;081306;8;13;6;OLLANTAYTAMBO;1
883;081307;8;13;7;YUCAY;1
884;090000;9;0;0;HUANCAVELICA;1
885;090100;9;1;0;HUANCAVELICA;1
886;090101;9;1;1;HUANCAVELICA;1
887;090102;9;1;2;ACOBAMBILLA;1
888;090103;9;1;3;ACORIA;1
889;090104;9;1;4;CONAYCA;1
890;090105;9;1;5;CUENCA;1
891;090106;9;1;6;HUACHOCOLPA;1
892;090107;9;1;7;HUAYLLAHUARA;1
893;090108;9;1;8;IZCUCHACA;1
894;090109;9;1;9;LARIA;1
895;090110;9;1;10;MANTA;1
896;090111;9;1;11;MARISCAL CACERES;1
897;090112;9;1;12;MOYA;1
898;090113;9;1;13;NUEVO OCCORO;1
899;090114;9;1;14;PALCA;1
900;090115;9;1;15;PILCHACA;1
901;090116;9;1;16;VILCA;1
902;090117;9;1;17;YAULI;1
903;090118;9;1;18;ASCENSION;1
904;090119;9;1;19;HUANDO;1
905;090200;9;2;0;ACOBAMBA;1
906;090201;9;2;1;ACOBAMBA;1
907;090202;9;2;2;ANDABAMBA;1
908;090203;9;2;3;ANTA;1
909;090204;9;2;4;CAJA;1
910;090205;9;2;5;MARCAS;1
911;090206;9;2;6;PAUCARA;1
912;090207;9;2;7;POMACOCHA;1
913;090208;9;2;8;ROSARIO;1
914;090300;9;3;0;ANGARAES;1
915;090301;9;3;1;LIRCAY;1
916;090302;9;3;2;ANCHONGA;1
917;090303;9;3;3;CALLANMARCA;1
918;090304;9;3;4;CCOCHACCASA;1
919;090305;9;3;5;CHINCHO;1
920;090306;9;3;6;CONGALLA;1
921;090307;9;3;7;HUANCA-HUANCA;1
922;090308;9;3;8;HUAYLLAY GRANDE;1
923;090309;9;3;9;JULCAMARCA;1
924;090310;9;3;10;SAN ANTONIO DE ANTAPARCO;1
925;090311;9;3;11;SANTO TOMAS DE PATA;1
926;090312;9;3;12;SECCLLA;1
927;090400;9;4;0;CASTROVIRREYNA;1
928;090401;9;4;1;CASTROVIRREYNA;1
929;090402;9;4;2;ARMA;1
930;090403;9;4;3;AURAHUA;1
931;090404;9;4;4;CAPILLAS;1
932;090405;9;4;5;CHUPAMARCA;1
933;090406;9;4;6;COCAS;1
934;090407;9;4;7;HUACHOS;1
935;090408;9;4;8;HUAMATAMBO;1
936;090409;9;4;9;MOLLEPAMPA;1
937;090410;9;4;10;SAN JUAN;1
938;090411;9;4;11;SANTA ANA;1
939;090412;9;4;12;TANTARA;1
940;090413;9;4;13;TICRAPO;1
941;090500;9;5;0;CHURCAMPA;1
942;090501;9;5;1;CHURCAMPA;1
943;090502;9;5;2;ANCO;1
944;090503;9;5;3;CHINCHIHUASI;1
945;090504;9;5;4;EL CARMEN;1
946;090505;9;5;5;LA MERCED;1
947;090506;9;5;6;LOCROJA;1
948;090507;9;5;7;PAUCARBAMBA;1
949;090508;9;5;8;SAN MIGUEL DE MAYOCC;1
950;090509;9;5;9;SAN PEDRO DE CORIS;1
951;090510;9;5;10;PACHAMARCA;1
952;090600;9;6;0;HUAYTARA;1
953;090601;9;6;1;HUAYTARA;1
954;090602;9;6;2;AYAVI;1
955;090603;9;6;3;CORDOVA;1
956;090604;9;6;4;HUAYACUNDO ARMA;1
957;090605;9;6;5;LARAMARCA;1
958;090606;9;6;6;OCOYO;1
959;090607;9;6;7;PILPICHACA;1
960;090608;9;6;8;QUERCO;1
961;090609;9;6;9;QUITO-ARMA;1
962;090610;9;6;10;SAN ANTONIO DE CUSICANCHA;1
963;090611;9;6;11;SAN FRANCISCO DE SANGAYAICO;1
964;090612;9;6;12;SAN ISIDRO;1
965;090613;9;6;13;SANTIAGO DE CHOCORVOS;1
966;090614;9;6;14;SANTIAGO DE QUIRAHUARA;1
967;090615;9;6;15;SANTO DOMINGO DE CAPILLAS;1
968;090616;9;6;16;TAMBO;1
969;090700;9;7;0;TAYACAJA;1
970;090701;9;7;1;PAMPAS;1
971;090702;9;7;2;ACOSTAMBO;1
972;090703;9;7;3;ACRAQUIA;1
973;090704;9;7;4;AHUAYCHA;1
974;090705;9;7;5;COLCABAMBA;1
975;090706;9;7;6;DANIEL HERNANDEZ;1
976;090707;9;7;7;HUACHOCOLPA;1
977;090708;9;7;8;HUANDO;1
978;090709;9;7;9;HUARIBAMBA;1
979;090710;9;7;10; AHUIMPUQUIO;1
980;090711;9;7;11;PAZOS;1
981;090713;9;7;13;QUISHUAR;1
982;090714;9;7;14;SALCABAMBA;1
983;090715;9;7;15;SALCAHUASI;1
984;090716;9;7;16;SAN MARCOS DE ROCCHAC;1
985;090717;9;7;17;SURCUBAMBA;1
986;090718;9;7;18;TINTAY PUNCU;1
987;100000;10;0;0;HUANUCO;1
988;100100;10;1;0;HUANUCO;1
989;100101;10;1;1;HUANUCO;1
990;100102;10;1;2;AMARILIS;1
991;100103;10;1;3;CHINCHAO;1
992;100104;10;1;4;CHURUBAMBA;1
993;100105;10;1;5;MARGOS;1
994;100106;10;1;6;QUISQUI;1
995;100107;10;1;7;SAN FRANCISCO DE CAYRAN;1
996;100108;10;1;8;SAN PEDRO DE CHAULAN;1
997;100109;10;1;9;SANTA MARIA DEL VALLE;1
998;100110;10;1;10;YARUMAYO;1
999;100111;10;1;11;PILLCO MARCA;1
1000;100200;10;2;0;AMBO;1
